id;sub;cat;subcat;niche
1;hm;hungrily between stealthily;pitiful giant;until wherever boohoo
2;mid probe;pointless;mid bah;comportment which
3;judicious;wrongly fooey phooey;nor hm than;yowza
4;between;term kindly;gadzooks dreamily;or bounce
5;every not;silky;woot uphold;voluminous
6;tingle verbally;at huzzah outlet;tingling;create maim
7;turmeric whenever;lazy metabolize superb;overconfidently till;hm before
8;toward till;supportive;huzzah um kvetch;meh
9;pro jaywalk vapid;glint personal;cautious;why
10;huzzah;need specialist;during kooky;near gee
